[{"displayName":"Check prizes","name":"Check prizes","id":"Check prizes","type":"capability","path":"","narrative":{"name":"Narrative","text":""},"children":[{"displayName":"Check history points r","name":"Check history points r","id":"Check history points r","type":"feature","path":"checkPrizes","narrative":{"name":"Narrative","text":""},"parent":"Check prizes"},{"displayName":"Check points r","name":"Check points r","id":"Check points r","type":"feature","path":"checkPrizes","narrative":{"name":"Narrative","text":""},"parent":"Check prizes"},{"displayName":"Check prizes r","name":"Check prizes r","id":"Check prizes r","type":"feature","path":"checkPrizes","narrative":{"name":"Narrative","text":""},"parent":"Check prizes"},{"displayName":"Join to loyalty r","name":"Join to loyalty r","id":"Join to loyalty r","type":"feature","path":"checkPrizes","narrative":{"name":"Narrative","text":""},"parent":"Check prizes"}]},{"displayName":"Test units","name":"Test units","id":"Test units","type":"capability","path":"","narrative":{"name":"Narrative","text":""},"children":[{"displayName":"Tests units","name":"Tests units","id":"Tests units","type":"feature","path":"testUnits","narrative":{"name":"Narrative","text":""},"parent":"Test units"}]}]