{
	"info": {
		"_postman_id": "1387feb7-219d-4b66-9cb2-b18c2f08029d",
		"name": "ApiTest",
		"schema": "https://schema.getpostman.com/json/collection/v2.1.0/collection.json",
		"_exporter_id": "28809806"
	},
	"item": [
		{
			"name": "LoginOk",
			"request": {
				"method": "POST",
				"header": [
					{
						"key": "Authorization",
						"value": "",
						"type": "text",
						"disabled": true
					},
					{
						"key": "Content-Type",
						"value": "application/json",
						"type": "text"
					}
				],
				"body": {
					"mode": "raw",
					"raw": "{\r\n    \"username\": \"david01@gmail.com\",\r\n    \"password\": \"123456\"\r\n}"
				},
				"url": {
					"raw": "https://api.demoblaze.com/login",
					"protocol": "https",
					"host": [
						"api",
						"demoblaze",
						"com"
					],
					"path": [
						"login"
					]
				}
			},
			"response": []
		},
		{
			"name": "LoginFailed",
			"request": {
				"method": "POST",
				"header": [],
				"body": {
					"mode": "raw",
					"raw": "{\r\n    \"username\": \"david011010101@gmail.com\",\r\n    \"password\": \"K124356\"\r\n}"
				},
				"url": {
					"raw": "https://api.demoblaze.com/login",
					"protocol": "https",
					"host": [
						"api",
						"demoblaze",
						"com"
					],
					"path": [
						"login"
					]
				}
			},
			"response": []
		},
		{
			"name": "SignUpOk",
			"request": {
				"method": "POST",
				"header": [
					{
						"key": "Content-Type",
						"value": "application/json",
						"type": "text"
					}
				],
				"body": {
					"mode": "raw",
					"raw": "{\r\n    \"username\": \"david1234@gmail.com\",\r\n    \"password\": \"123456\"\r\n}"
				},
				"url": {
					"raw": "https://api.demoblaze.com/signup",
					"protocol": "https",
					"host": [
						"api",
						"demoblaze",
						"com"
					],
					"path": [
						"signup"
					]
				}
			},
			"response": []
		},
		{
			"name": "SignUpFailed",
			"request": {
				"method": "POST",
				"header": [],
				"body": {
					"mode": "raw",
					"raw": "{\r\n    \"username\": \"david1234@gmail.com\",\r\n    \"password\": \"123456\"\r\n}"
				},
				"url": {
					"raw": "https://api.demoblaze.com/signup",
					"protocol": "https",
					"host": [
						"api",
						"demoblaze",
						"com"
					],
					"path": [
						"signup"
					]
				}
			},
			"response": []
		}
	]
}