{"name":"Creación de cuenta Fallida","id":"creacion-de-cuenta;creación-de-cuenta-fallida","testSteps":[{"number":1,"description":"Dado que Jhonatan usa el servicio Mi_demo_blaze","duration":1,"startTime":"2023-07-28T16:23:53.463179900-05:00[America/Bogota]","result":"SUCCESS","precondition":false,"level":0},{"number":2,"description":"Cuando Jhonatan se autentica en la pagina con correo Registrado","duration":622,"startTime":"2023-07-28T16:23:53.465179600-05:00[America/Bogota]","result":"SUCCESS","precondition":false,"level":0,"children":[{"number":3,"description":"Jhonatan sign up","duration":619,"startTime":"2023-07-28T16:23:53.467178800-05:00[America/Bogota]","result":"SUCCESS","precondition":false,"level":1,"children":[{"number":4,"description":"Jhonatan sign up failed","duration":614,"startTime":"2023-07-28T16:23:53.472179900-05:00[America/Bogota]","result":"SUCCESS","precondition":false,"level":2,"children":[{"number":5,"description":"Jhonatan executes a POST on the resource /signup","duration":401,"startTime":"2023-07-28T16:23:53.485184500-05:00[America/Bogota]","result":"SUCCESS","precondition":false,"level":3,"children":[{"number":6,"description":"POST https://api.demoblaze.com/signup\r\r","duration":0,"startTime":"2023-07-28T16:23:53.886780700-05:00[America/Bogota]","result":"SUCCESS","restQuery":{"method":"POST","path":"https://api.demoblaze.com/signup\r\r","content":"{\n    \"username\": \"david12@gmail.com\",\n    \"password\": \"123456\"\n}\r","contentType":"application/json","requestHeaders":"Accept\u003d*/*\r\n\t\t\t\tContent-Type\u003dapplication/json; charset\u003dUTF-8\r\r","requestCookies":"\r\r","responseHeaders":"Content-Type: application/json\nVary: Accept-Encoding\nContent-Encoding: gzip\nX-Cloud-Trace-Context: 398273d8856576a1375ce7dd42f420fb\nDate: Fri, 28 Jul 2023 21:23:55 GMT\nServer: Google Frontend\nCache-Control: private\nTransfer-Encoding: chunked\r","responseCookies":"\r","responseBody":"{\n    \"errorMessage\": \"This user already exist.\"\n}","statusCode":200},"precondition":false,"level":4}]}]}]}]},{"number":7,"description":"Entonces se vera codigo status 200 con mensaje","duration":0,"startTime":"2023-07-28T16:23:54.087805700-05:00[America/Bogota]","result":"SUCCESS","precondition":false,"level":0}],"userStory":{"id":"creacion-de-cuenta","storyName":"Creacion de cuenta","path":"src/test/resources/features/signup.feature","narrative":"  Yo como usuario de DemoBlaze\n  quiero consumir los servicios del metodo POST\n  para crear cuenta","type":"feature"},"featureTag":{"name":"Features/Creacion de cuenta","type":"feature","displayName":"Features/Creacion de cuenta"},"title":"Creación de cuenta Fallida","tags":[{"name":"Creacion de cuenta","type":"feature","displayName":"Creacion de cuenta"},{"name":"CreacionFallidaDeCuenta","type":"tag","displayName":"CreacionFallidaDeCuenta"}],"startTime":"2023-07-28T16:23:53.463179900-05:00[America/Bogota]","duration":624,"projectKey":"","manual":false,"testSource":"Cucumber","actors":[{"name":"Jhonatan","can":["browse the web","call an API at https://api.demoblaze.com"]}],"result":"SUCCESS"}