{"name":"Creación de cuenta Exitosa","id":"creacion-de-cuenta;creación-de-cuenta-exitosa","testSteps":[{"number":1,"description":"Dado que Jhonatan usa el servicio Mi_demo_blaze","duration":222,"startTime":"2023-07-28T16:23:50.557570900-05:00[America/Bogota]","result":"SUCCESS","precondition":false,"level":0},{"number":2,"description":"Cuando Jhonatan se autentica en la pagina con correo No Registrado Previamente","duration":2677,"startTime":"2023-07-28T16:23:50.781632100-05:00[America/Bogota]","result":"SUCCESS","precondition":false,"level":0,"children":[{"number":3,"description":"Jhonatan sign up","duration":2596,"startTime":"2023-07-28T16:23:50.863138900-05:00[America/Bogota]","result":"SUCCESS","precondition":false,"level":1,"children":[{"number":4,"description":"Jhonatan sign up ok","duration":2577,"startTime":"2023-07-28T16:23:50.882146300-05:00[America/Bogota]","result":"SUCCESS","precondition":false,"level":2,"children":[{"number":5,"description":"Jhonatan executes a POST on the resource /signup","duration":2526,"startTime":"2023-07-28T16:23:50.928654800-05:00[America/Bogota]","result":"SUCCESS","precondition":false,"level":3,"children":[{"number":6,"description":"POST https://api.demoblaze.com/signup\r\r","duration":0,"startTime":"2023-07-28T16:23:53.455181600-05:00[America/Bogota]","result":"SUCCESS","restQuery":{"method":"POST","path":"https://api.demoblaze.com/signup\r\r","content":"{\n    \"username\": \"david1234@gmail.com\",\n    \"password\": \"123456\"\n}\r","contentType":"application/json","requestHeaders":"Accept\u003d*/*\r\n\t\t\t\tContent-Type\u003dapplication/json; charset\u003dUTF-8\r\r","requestCookies":"\r\r","responseHeaders":"Content-Type: application/json\nX-Cloud-Trace-Context: 64292fe33c881229f9d9ad4aec79d50c;o\u003d1\nDate: Fri, 28 Jul 2023 21:23:54 GMT\nServer: Google Frontend\nContent-Length: 3\r","responseCookies":"\r","responseBody":"\"\"","statusCode":200},"precondition":false,"level":4}]}]}]}]},{"number":7,"description":"Entonces se vera codigo status 200 con mensaje","duration":0,"startTime":"2023-07-28T16:23:53.459181500-05:00[America/Bogota]","result":"SUCCESS","precondition":false,"level":0}],"userStory":{"id":"creacion-de-cuenta","storyName":"Creacion de cuenta","path":"src/test/resources/features/signup.feature","narrative":"  Yo como usuario de DemoBlaze\n  quiero consumir los servicios del metodo POST\n  para crear cuenta","type":"feature"},"featureTag":{"name":"Features/Creacion de cuenta","type":"feature","displayName":"Features/Creacion de cuenta"},"title":"Creación de cuenta Exitosa","tags":[{"name":"Creacion de cuenta","type":"feature","displayName":"Creacion de cuenta"},{"name":"CreacionExitosaDeCuenta","type":"tag","displayName":"CreacionExitosaDeCuenta"}],"startTime":"2023-07-28T16:23:50.478042600-05:00[America/Bogota]","duration":2983,"projectKey":"","manual":false,"testSource":"Cucumber","actors":[{"name":"Jhonatan","can":["browse the web","call an API at https://api.demoblaze.com"]}],"result":"SUCCESS"}