{"name":"Login invalidate user","id":"creacion-de-cuenta;login-invalidate-user","testSteps":[{"number":1,"description":"Dado Jhonatan consume el servicio API Mi_demo_blaze","duration":2,"startTime":"2023-07-28T15:32:02.740345800-05:00[America/Bogota]","result":"SUCCESS","precondition":false,"level":0},{"number":2,"description":"Cuando Jhonatan se autentica en la pagina con el usuario No Existente","duration":502,"startTime":"2023-07-28T15:32:02.742346300-05:00[America/Bogota]","result":"SUCCESS","precondition":false,"level":0,"children":[{"number":3,"description":"Jhonatan login","duration":500,"startTime":"2023-07-28T15:32:02.744346200-05:00[America/Bogota]","result":"SUCCESS","precondition":false,"level":1,"children":[{"number":4,"description":"Jhonatan login failed","duration":493,"startTime":"2023-07-28T15:32:02.750347800-05:00[America/Bogota]","result":"SUCCESS","precondition":false,"level":2,"children":[{"number":5,"description":"Jhonatan executes a POST on the resource /login","duration":313,"startTime":"2023-07-28T15:32:02.757345300-05:00[America/Bogota]","result":"SUCCESS","precondition":false,"level":3,"children":[{"number":6,"description":"POST https://api.demoblaze.com/login\r\r","duration":0,"startTime":"2023-07-28T15:32:03.070581500-05:00[America/Bogota]","result":"SUCCESS","restQuery":{"method":"POST","path":"https://api.demoblaze.com/login\r\r","content":"{\n    \"username\": \"david011010101@gmail.com\",\n    \"password\": \"K124356\"\n}\r","contentType":"application/json","requestHeaders":"Accept\u003d*/*\r\n\t\t\t\tContent-Type\u003dapplication/json; charset\u003dUTF-8\r\r","requestCookies":"\r\r","responseHeaders":"Content-Type: application/json\nVary: Accept-Encoding\nContent-Encoding: gzip\nX-Cloud-Trace-Context: 43e0e14b4b743cdbe07293a4c5c24fae\nDate: Fri, 28 Jul 2023 20:32:04 GMT\nServer: Google Frontend\nCache-Control: private\nTransfer-Encoding: chunked\r","responseCookies":"\r","responseBody":"{\n    \"errorMessage\": \"User does not exist.\"\n}","statusCode":200},"precondition":false,"level":4}]}]}]}]},{"number":7,"description":"Entonces se vera codigo statusCode 200","duration":1,"startTime":"2023-07-28T15:32:03.244411900-05:00[America/Bogota]","result":"SUCCESS","precondition":false,"level":0,"children":[{"number":8,"description":"Then validacion de respuesta ok","duration":0,"startTime":"2023-07-28T15:32:03.245453300-05:00[America/Bogota]","result":"SUCCESS","precondition":false,"level":1}]}],"userStory":{"id":"creacion-de-cuenta","storyName":"Creacion de cuenta","path":"src/test/resources/features/login.feature","narrative":"  Yo como usuario de DemoBlaze\n  quiero consumir los servicios del metodo POST\n  para crear cuenta","type":"feature"},"featureTag":{"name":"Features/Creacion de cuenta","type":"feature","displayName":"Features/Creacion de cuenta"},"title":"Login invalidate user","tags":[{"name":"AutenticacionFallida","type":"tag","displayName":"AutenticacionFallida"},{"name":"Creacion de cuenta","type":"feature","displayName":"Creacion de cuenta"}],"startTime":"2023-07-28T15:32:02.739347400-05:00[America/Bogota]","duration":506,"projectKey":"","manual":false,"testSource":"Cucumber","actors":[{"name":"Jhonatan","can":["browse the web","call an API at https://api.demoblaze.com"]}],"result":"SUCCESS"}