{"name":"Login Exitoso","id":"creacion-de-cuenta;login-exitoso","testSteps":[{"number":1,"description":"Dado Jhonatan consume el servicio API Mi_demo_blaze","duration":218,"startTime":"2023-07-28T15:31:59.828264-05:00[America/Bogota]","result":"SUCCESS","precondition":false,"level":0},{"number":2,"description":"Cuando Jhonatan se autentica en la pagina con el usuario Registrado","duration":2628,"startTime":"2023-07-28T15:32:00.048300100-05:00[America/Bogota]","result":"SUCCESS","precondition":false,"level":0,"children":[{"number":3,"description":"Jhonatan login","duration":2551,"startTime":"2023-07-28T15:32:00.123839700-05:00[America/Bogota]","result":"SUCCESS","precondition":false,"level":1,"children":[{"number":4,"description":"Jhonatan login ok","duration":2505,"startTime":"2023-07-28T15:32:00.169840800-05:00[America/Bogota]","result":"SUCCESS","precondition":false,"level":2,"children":[{"number":5,"description":"Jhonatan executes a POST on the resource /login","duration":2435,"startTime":"2023-07-28T15:32:00.237379900-05:00[America/Bogota]","result":"SUCCESS","precondition":false,"level":3,"children":[{"number":6,"description":"POST https://api.demoblaze.com/login\r\r","duration":1,"startTime":"2023-07-28T15:32:02.671688700-05:00[America/Bogota]","result":"SUCCESS","restQuery":{"method":"POST","path":"https://api.demoblaze.com/login\r\r","content":"{\n    \"username\": \"david01@gmail.com\",\n    \"password\": \"123456\"\n}\r","contentType":"application/json","requestHeaders":"Accept\u003d*/*\r\n\t\t\t\tContent-Type\u003dapplication/json; charset\u003dUTF-8\r\r","requestCookies":"\r\r","responseHeaders":"Content-Type: application/json\nVary: Accept-Encoding\nContent-Encoding: gzip\nX-Cloud-Trace-Context: a0decc07f0797321c5cc2591a6f2b5a0;o\u003d1\nDate: Fri, 28 Jul 2023 20:32:03 GMT\nServer: Google Frontend\nCache-Control: private\nTransfer-Encoding: chunked\r","responseCookies":"\r","responseBody":"\"Auth_token: ZGF2aWQwMUBnbWFpbC5jb20xNjkxMTc2\"","statusCode":200},"precondition":false,"level":4}]}]}]}]},{"number":7,"description":"Entonces se vera codigo statusCode 200","duration":59,"startTime":"2023-07-28T15:32:02.676693400-05:00[America/Bogota]","result":"SUCCESS","precondition":false,"level":0,"children":[{"number":8,"description":"Then validacion de respuesta ok","duration":3,"startTime":"2023-07-28T15:32:02.733346200-05:00[America/Bogota]","result":"SUCCESS","precondition":false,"level":1}]}],"userStory":{"id":"creacion-de-cuenta","storyName":"Creacion de cuenta","path":"src/test/resources/features/login.feature","narrative":"  Yo como usuario de DemoBlaze\n  quiero consumir los servicios del metodo POST\n  para crear cuenta","type":"feature"},"featureTag":{"name":"Features/Creacion de cuenta","type":"feature","displayName":"Features/Creacion de cuenta"},"title":"Login Exitoso","tags":[{"name":"Creacion de cuenta","type":"feature","displayName":"Creacion de cuenta"},{"name":"AutenticacionExitosa","type":"tag","displayName":"AutenticacionExitosa"}],"startTime":"2023-07-28T15:31:59.747745800-05:00[America/Bogota]","duration":2989,"projectKey":"","manual":false,"testSource":"Cucumber","actors":[{"name":"Jhonatan","can":["browse the web","call an API at https://api.demoblaze.com"]}],"result":"SUCCESS"}